Table	Breakdown	Secondary_Breakdown	Year
01 Total R&D Expenditure	01_R&D Expenditure	1) Business	2012
01 Total R&D Expenditure	01_R&D Expenditure	1) Business	2014
01 Total R&D Expenditure	01_R&D Expenditure	1) Business	2016
01 Total R&D Expenditure	01_R&D Expenditure	1) Business	2018
01 Total R&D Expenditure	01_R&D Expenditure	1) Business	2019
01 Total R&D Expenditure	01_R&D Expenditure	2) Government	2012
01 Total R&D Expenditure	01_R&D Expenditure	2) Government	2014
01 Total R&D Expenditure	01_R&D Expenditure	2) Government	2016
01 Total R&D Expenditure	01_R&D Expenditure	2) Government	2018
01 Total R&D Expenditure	01_R&D Expenditure	2) Government	2019
01 Total R&D Expenditure	01_R&D Expenditure	3) Higher Education	2012
01 Total R&D Expenditure	01_R&D Expenditure	3) Higher Education	2014
01 Total R&D Expenditure	01_R&D Expenditure	3) Higher Education	2016
01 Total R&D Expenditure	01_R&D Expenditure	3) Higher Education	2018
01 Total R&D Expenditure	01_R&D Expenditure	3) Higher Education	2019
01 Total R&D Expenditure	01_R&D Expenditure	4) Total all sectors	2012
01 Total R&D Expenditure	01_R&D Expenditure	4) Total all sectors	2014
01 Total R&D Expenditure	01_R&D Expenditure	4) Total all sectors	2016
01 Total R&D Expenditure	01_R&D Expenditure	4) Total all sectors	2018
01 Total R&D Expenditure	01_R&D Expenditure	4) Total all sectors	2019
01 Total R&D Expenditure	02_R&D Exp as a proportion of GDP	1) Business	2012
01 Total R&D Expenditure	02_R&D Exp as a proportion of GDP	1) Business	2014
01 Total R&D Expenditure	02_R&D Exp as a proportion of GDP	1) Business	2016
01 Total R&D Expenditure	02_R&D Exp as a proportion of GDP	1) Business	2018
01 Total R&D Expenditure	02_R&D Exp as a proportion of GDP	1) Business	2019
01 Total R&D Expenditure	02_R&D Exp as a proportion of GDP	2) Government	2012
01 Total R&D Expenditure	02_R&D Exp as a proportion of GDP	2) Government	2014
01 Total R&D Expenditure	02_R&D Exp as a proportion of GDP	2) Government	2016
01 Total R&D Expenditure	02_R&D Exp as a proportion of GDP	2) Government	2018
01 Total R&D Expenditure	02_R&D Exp as a proportion of GDP	2) Government	2019
01 Total R&D Expenditure	02_R&D Exp as a proportion of GDP	3) Higher Education	2012
01 Total R&D Expenditure	02_R&D Exp as a proportion of GDP	3) Higher Education	2014
01 Total R&D Expenditure	02_R&D Exp as a proportion of GDP	3) Higher Education	2016
01 Total R&D Expenditure	02_R&D Exp as a proportion of GDP	3) Higher Education	2018
01 Total R&D Expenditure	02_R&D Exp as a proportion of GDP	3) Higher Education	2019
01 Total R&D Expenditure	02_R&D Exp as a proportion of GDP	4) Total all sectors	2012
01 Total R&D Expenditure	02_R&D Exp as a proportion of GDP	4) Total all sectors	2014
01 Total R&D Expenditure	02_R&D Exp as a proportion of GDP	4) Total all sectors	2016
01 Total R&D Expenditure	02_R&D Exp as a proportion of GDP	4) Total all sectors	2018
01 Total R&D Expenditure	02_R&D Exp as a proportion of GDP	4) Total all sectors	2019
02 Total R&D Expenditure by published industry	01_Primary	None	2012
02 Total R&D Expenditure by published industry	01_Primary	None	2014
02 Total R&D Expenditure by published industry	01_Primary	None	2016
02 Total R&D Expenditure by published industry	01_Primary	None	2018
02 Total R&D Expenditure by published industry	01_Primary	None	2019
02 Total R&D Expenditure by published industry	03_Manufacturing	None	2012
02 Total R&D Expenditure by published industry	03_Manufacturing	None	2014
02 Total R&D Expenditure by published industry	03_Manufacturing	None	2016
02 Total R&D Expenditure by published industry	03_Manufacturing	None	2018
02 Total R&D Expenditure by published industry	03_Manufacturing	None	2019
02 Total R&D Expenditure by published industry	04_Food_Manufacturing	None	2012
02 Total R&D Expenditure by published industry	04_Food_Manufacturing	None	2014
02 Total R&D Expenditure by published industry	04_Food_Manufacturing	None	2016
02 Total R&D Expenditure by published industry	04_Food_Manufacturing	None	2018
02 Total R&D Expenditure by published industry	04_Food_Manufacturing	None	2019
02 Total R&D Expenditure by published industry	05_Beverage and tobacco manufacturing	None	2012
02 Total R&D Expenditure by published industry	05_Beverage and tobacco manufacturing	None	2014
02 Total R&D Expenditure by published industry	05_Beverage and tobacco manufacturing	None	2016
02 Total R&D Expenditure by published industry	05_Beverage and tobacco manufacturing	None	2018
02 Total R&D Expenditure by published industry	05_Beverage and tobacco manufacturing	None	2019
02 Total R&D Expenditure by published industry	06_Textiles, clothing, footwear, and leather manufacturing	None	2012
02 Total R&D Expenditure by published industry	06_Textiles, clothing, footwear, and leather manufacturing	None	2014
02 Total R&D Expenditure by published industry	06_Textiles, clothing, footwear, and leather manufacturing	None	2016
02 Total R&D Expenditure by published industry	06_Textiles, clothing, footwear, and leather manufacturing	None	2018
02 Total R&D Expenditure by published industry	06_Textiles, clothing, footwear, and leather manufacturing	None	2019
02 Total R&D Expenditure by published industry	07_Petroleum, coal, chemical, and associated product	None	2012
02 Total R&D Expenditure by published industry	07_Petroleum, coal, chemical, and associated product	None	2014
02 Total R&D Expenditure by published industry	07_Petroleum, coal, chemical, and associated product	None	2016
02 Total R&D Expenditure by published industry	07_Petroleum, coal, chemical, and associated product	None	2018
02 Total R&D Expenditure by published industry	07_Petroleum, coal, chemical, and associated product	None	2019
02 Total R&D Expenditure by published industry	08_Non-metallic mineral product manufacturing	None	2012
02 Total R&D Expenditure by published industry	08_Non-metallic mineral product manufacturing	None	2014
02 Total R&D Expenditure by published industry	08_Non-metallic mineral product manufacturing	None	2016
02 Total R&D Expenditure by published industry	08_Non-metallic mineral product manufacturing	None	2018
02 Total R&D Expenditure by published industry	08_Non-metallic mineral product manufacturing	None	2019
02 Total R&D Expenditure by published industry	09_Metal product manufacturing	None	2012
02 Total R&D Expenditure by published industry	09_Metal product manufacturing	None	2014
02 Total R&D Expenditure by published industry	09_Metal product manufacturing	None	2016
02 Total R&D Expenditure by published industry	09_Metal product manufacturing	None	2018
02 Total R&D Expenditure by published industry	09_Metal product manufacturing	None	2019
02 Total R&D Expenditure by published industry	10_Machinery and equipment manufacturing	None	2012
02 Total R&D Expenditure by published industry	10_Machinery and equipment manufacturing	None	2014
02 Total R&D Expenditure by published industry	10_Machinery and equipment manufacturing	None	2016
02 Total R&D Expenditure by published industry	10_Machinery and equipment manufacturing	None	2018
02 Total R&D Expenditure by published industry	10_Machinery and equipment manufacturing	None	2019
02 Total R&D Expenditure by published industry	11_Other manufacturing	None	2012
02 Total R&D Expenditure by published industry	11_Other manufacturing	None	2014
02 Total R&D Expenditure by published industry	11_Other manufacturing	None	2016
02 Total R&D Expenditure by published industry	11_Other manufacturing	None	2018
02 Total R&D Expenditure by published industry	11_Other manufacturing	None	2019
02 Total R&D Expenditure by published industry	13_Services	None	2012
02 Total R&D Expenditure by published industry	13_Services	None	2014
02 Total R&D Expenditure by published industry	13_Services	None	2016
02 Total R&D Expenditure by published industry	13_Services	None	2018
02 Total R&D Expenditure by published industry	13_Services	None	2019
02 Total R&D Expenditure by published industry	14_Wholesale trade	None	2012
02 Total R&D Expenditure by published industry	14_Wholesale trade	None	2014
02 Total R&D Expenditure by published industry	14_Wholesale trade	None	2016
02 Total R&D Expenditure by published industry	14_Wholesale trade	None	2018
02 Total R&D Expenditure by published industry	14_Wholesale trade	None	2019
02 Total R&D Expenditure by published industry	15_Scientific research and technical services	None	2012
02 Total R&D Expenditure by published industry	15_Scientific research and technical services	None	2014
02 Total R&D Expenditure by published industry	15_Scientific research and technical services	None	2016
02 Total R&D Expenditure by published industry	15_Scientific research and technical services	None	2018
02 Total R&D Expenditure by published industry	15_Scientific research and technical services	None	2019
02 Total R&D Expenditure by published industry	16_Computer services	None	2012
02 Total R&D Expenditure by published industry	16_Computer services	None	2014
02 Total R&D Expenditure by published industry	16_Computer services	None	2016
02 Total R&D Expenditure by published industry	16_Computer services	None	2018
02 Total R&D Expenditure by published industry	16_Computer services	None	2019
02 Total R&D Expenditure by published industry	17_Other services	None	2012
02 Total R&D Expenditure by published industry	17_Other services	None	2014
02 Total R&D Expenditure by published industry	17_Other services	None	2016
02 Total R&D Expenditure by published industry	17_Other services	None	2018
02 Total R&D Expenditure by published industry	17_Other services	None	2019
02 Total R&D Expenditure by published industry	19_Total business sector	None	2012
02 Total R&D Expenditure by published industry	19_Total business sector	None	2014
02 Total R&D Expenditure by published industry	19_Total business sector	None	2016
02 Total R&D Expenditure by published industry	19_Total business sector	None	2018
02 Total R&D Expenditure by published industry	19_Total business sector	None	2019
03 Businesses performing R&D by published industry	01_Primary	None	2012
03 Businesses performing R&D by published industry	01_Primary	None	2014
03 Businesses performing R&D by published industry	01_Primary	None	2016
03 Businesses performing R&D by published industry	01_Primary	None	2018
03 Businesses performing R&D by published industry	01_Primary	None	2019
03 Businesses performing R&D by published industry	03_Manufacturing	None	2012
03 Businesses performing R&D by published industry	03_Manufacturing	None	2014
03 Businesses performing R&D by published industry	03_Manufacturing	None	2016
03 Businesses performing R&D by published industry	03_Manufacturing	None	2018
03 Businesses performing R&D by published industry	03_Manufacturing	None	2019
03 Businesses performing R&D by published industry	04_Food_Manufacturing	None	2012
03 Businesses performing R&D by published industry	04_Food_Manufacturing	None	2014
03 Businesses performing R&D by published industry	04_Food_Manufacturing	None	2016
03 Businesses performing R&D by published industry	04_Food_Manufacturing	None	2018
03 Businesses performing R&D by published industry	04_Food_Manufacturing	None	2019
03 Businesses performing R&D by published industry	05_Beverage and tobacco manufacturing	None	2012
03 Businesses performing R&D by published industry	05_Beverage and tobacco manufacturing	None	2014
03 Businesses performing R&D by published industry	05_Beverage and tobacco manufacturing	None	2016
03 Businesses performing R&D by published industry	05_Beverage and tobacco manufacturing	None	2018
03 Businesses performing R&D by published industry	05_Beverage and tobacco manufacturing	None	2019
03 Businesses performing R&D by published industry	06_Textiles, clothing, footwear, and leather manufacturing	None	2012
03 Businesses performing R&D by published industry	06_Textiles, clothing, footwear, and leather manufacturing	None	2014
03 Businesses performing R&D by published industry	06_Textiles, clothing, footwear, and leather manufacturing	None	2016
03 Businesses performing R&D by published industry	06_Textiles, clothing, footwear, and leather manufacturing	None	2018
03 Businesses performing R&D by published industry	06_Textiles, clothing, footwear, and leather manufacturing	None	2019
03 Businesses performing R&D by published industry	07_Petroleum, coal, chemical, and associated product	None	2012
03 Businesses performing R&D by published industry	07_Petroleum, coal, chemical, and associated product	None	2014
03 Businesses performing R&D by published industry	07_Petroleum, coal, chemical, and associated product	None	2016
03 Businesses performing R&D by published industry	07_Petroleum, coal, chemical, and associated product	None	2018
03 Businesses performing R&D by published industry	07_Petroleum, coal, chemical, and associated product	None	2019
03 Businesses performing R&D by published industry	08_Non-metallic mineral product manufacturing	None	2012
03 Businesses performing R&D by published industry	08_Non-metallic mineral product manufacturing	None	2014
03 Businesses performing R&D by published industry	08_Non-metallic mineral product manufacturing	None	2016
03 Businesses performing R&D by published industry	08_Non-metallic mineral product manufacturing	None	2018
03 Businesses performing R&D by published industry	08_Non-metallic mineral product manufacturing	None	2019
03 Businesses performing R&D by published industry	09_Metal product manufacturing	None	2012
03 Businesses performing R&D by published industry	09_Metal product manufacturing	None	2014
03 Businesses performing R&D by published industry	09_Metal product manufacturing	None	2016
03 Businesses performing R&D by published industry	09_Metal product manufacturing	None	2018
03 Businesses performing R&D by published industry	09_Metal product manufacturing	None	2019
03 Businesses performing R&D by published industry	10_Machinery and equipment manufacturing	None	2012
03 Businesses performing R&D by published industry	10_Machinery and equipment manufacturing	None	2014
03 Businesses performing R&D by published industry	10_Machinery and equipment manufacturing	None	2016
03 Businesses performing R&D by published industry	10_Machinery and equipment manufacturing	None	2018
03 Businesses performing R&D by published industry	10_Machinery and equipment manufacturing	None	2019
03 Businesses performing R&D by published industry	11_Other manufacturing	None	2012
03 Businesses performing R&D by published industry	11_Other manufacturing	None	2014
03 Businesses performing R&D by published industry	11_Other manufacturing	None	2016
03 Businesses performing R&D by published industry	11_Other manufacturing	None	2018
03 Businesses performing R&D by published industry	11_Other manufacturing	None	2019
03 Businesses performing R&D by published industry	13_Services	None	2012
03 Businesses performing R&D by published industry	13_Services	None	2014
03 Businesses performing R&D by published industry	13_Services	None	2016
03 Businesses performing R&D by published industry	13_Services	None	2018
03 Businesses performing R&D by published industry	13_Services	None	2019
03 Businesses performing R&D by published industry	14_Wholesale trade	None	2012
03 Businesses performing R&D by published industry	14_Wholesale trade	None	2014
03 Businesses performing R&D by published industry	14_Wholesale trade	None	2016
03 Businesses performing R&D by published industry	14_Wholesale trade	None	2018
03 Businesses performing R&D by published industry	14_Wholesale trade	None	2019
03 Businesses performing R&D by published industry	15_Scientific research and technical services	None	2012
03 Businesses performing R&D by published industry	15_Scientific research and technical services	None	2014
03 Businesses performing R&D by published industry	15_Scientific research and technical services	None	2016
03 Businesses performing R&D by published industry	15_Scientific research and technical services	None	2018
03 Businesses performing R&D by published industry	15_Scientific research and technical services	None	2019
03 Businesses performing R&D by published industry	16_Computer services	None	2012
03 Businesses performing R&D by published industry	16_Computer services	None	2014
03 Businesses performing R&D by published industry	16_Computer services	None	2016
03 Businesses performing R&D by published industry	16_Computer services	None	2018
03 Businesses performing R&D by published industry	16_Computer services	None	2019
03 Businesses performing R&D by published industry	17_Other services	None	2012
03 Businesses performing R&D by published industry	17_Other services	None	2014
03 Businesses performing R&D by published industry	17_Other services	None	2016
03 Businesses performing R&D by published industry	17_Other services	None	2018
03 Businesses performing R&D by published industry	17_Other services	None	2019
03 Businesses performing R&D by published industry	19_Total business sector	None	2012
03 Businesses performing R&D by published industry	19_Total business sector	None	2014
03 Businesses performing R&D by published industry	19_Total business sector	None	2016
03 Businesses performing R&D by published industry	19_Total business sector	None	2018
03 Businesses performing R&D by published industry	19_Total business sector	None	2019
04 Total R&D Expenditure by ANZSIC industry	01_Agriculture, Forestry and Fishing	None	2012
04 Total R&D Expenditure by ANZSIC industry	01_Agriculture, Forestry and Fishing	None	2014
04 Total R&D Expenditure by ANZSIC industry	01_Agriculture, Forestry and Fishing	None	2016
04 Total R&D Expenditure by ANZSIC industry	01_Agriculture, Forestry and Fishing	None	2018
04 Total R&D Expenditure by ANZSIC industry	01_Agriculture, Forestry and Fishing	None	2019
04 Total R&D Expenditure by ANZSIC industry	02_Mining	None	2012
04 Total R&D Expenditure by ANZSIC industry	02_Mining	None	2014
04 Total R&D Expenditure by ANZSIC industry	02_Mining	None	2016
04 Total R&D Expenditure by ANZSIC industry	02_Mining	None	2018
04 Total R&D Expenditure by ANZSIC industry	02_Mining	None	2019
04 Total R&D Expenditure by ANZSIC industry	03_Manufacturing	None	2012
04 Total R&D Expenditure by ANZSIC industry	03_Manufacturing	None	2014
04 Total R&D Expenditure by ANZSIC industry	03_Manufacturing	None	2016
04 Total R&D Expenditure by ANZSIC industry	03_Manufacturing	None	2018
04 Total R&D Expenditure by ANZSIC industry	03_Manufacturing	None	2019
04 Total R&D Expenditure by ANZSIC industry	04_Electricity, Gas, Water and Waste Services	None	2012
04 Total R&D Expenditure by ANZSIC industry	04_Electricity, Gas, Water and Waste Services	None	2014
04 Total R&D Expenditure by ANZSIC industry	04_Electricity, Gas, Water and Waste Services	None	2016
04 Total R&D Expenditure by ANZSIC industry	04_Electricity, Gas, Water and Waste Services	None	2018
04 Total R&D Expenditure by ANZSIC industry	04_Electricity, Gas, Water and Waste Services	None	2019
04 Total R&D Expenditure by ANZSIC industry	05_Construction	None	2012
04 Total R&D Expenditure by ANZSIC industry	05_Construction	None	2014
04 Total R&D Expenditure by ANZSIC industry	05_Construction	None	2016
04 Total R&D Expenditure by ANZSIC industry	05_Construction	None	2018
04 Total R&D Expenditure by ANZSIC industry	05_Construction	None	2019
04 Total R&D Expenditure by ANZSIC industry	06_Wholesale Trade	None	2012
04 Total R&D Expenditure by ANZSIC industry	06_Wholesale Trade	None	2014
04 Total R&D Expenditure by ANZSIC industry	06_Wholesale Trade	None	2016
04 Total R&D Expenditure by ANZSIC industry	06_Wholesale Trade	None	2018
04 Total R&D Expenditure by ANZSIC industry	06_Wholesale Trade	None	2019
04 Total R&D Expenditure by ANZSIC industry	07_Information Media and Telecommunications	None	2012
04 Total R&D Expenditure by ANZSIC industry	07_Information Media and Telecommunications	None	2014
04 Total R&D Expenditure by ANZSIC industry	07_Information Media and Telecommunications	None	2016
04 Total R&D Expenditure by ANZSIC industry	07_Information Media and Telecommunications	None	2018
04 Total R&D Expenditure by ANZSIC industry	07_Information Media and Telecommunications	None	2019
04 Total R&D Expenditure by ANZSIC industry	08_Financial and Insurance Services	None	2012
04 Total R&D Expenditure by ANZSIC industry	08_Financial and Insurance Services	None	2014
04 Total R&D Expenditure by ANZSIC industry	08_Financial and Insurance Services	None	2016
04 Total R&D Expenditure by ANZSIC industry	08_Financial and Insurance Services	None	2018
04 Total R&D Expenditure by ANZSIC industry	08_Financial and Insurance Services	None	2019
04 Total R&D Expenditure by ANZSIC industry	09_Rental, Hiring and Real Estate Services	None	2012
04 Total R&D Expenditure by ANZSIC industry	09_Rental, Hiring and Real Estate Services	None	2014
04 Total R&D Expenditure by ANZSIC industry	09_Rental, Hiring and Real Estate Services	None	2016
04 Total R&D Expenditure by ANZSIC industry	09_Rental, Hiring and Real Estate Services	None	2018
04 Total R&D Expenditure by ANZSIC industry	09_Rental, Hiring and Real Estate Services	None	2019
04 Total R&D Expenditure by ANZSIC industry	10_Professional, Scientific and Technical Services	None	2012
04 Total R&D Expenditure by ANZSIC industry	10_Professional, Scientific and Technical Services	None	2014
04 Total R&D Expenditure by ANZSIC industry	10_Professional, Scientific and Technical Services	None	2016
04 Total R&D Expenditure by ANZSIC industry	10_Professional, Scientific and Technical Services	None	2018
04 Total R&D Expenditure by ANZSIC industry	10_Professional, Scientific and Technical Services	None	2019
04 Total R&D Expenditure by ANZSIC industry	11_Administrative and Support Services	None	2012
04 Total R&D Expenditure by ANZSIC industry	11_Administrative and Support Services	None	2014
04 Total R&D Expenditure by ANZSIC industry	11_Administrative and Support Services	None	2016
04 Total R&D Expenditure by ANZSIC industry	11_Administrative and Support Services	None	2018
04 Total R&D Expenditure by ANZSIC industry	11_Administrative and Support Services	None	2019
04 Total R&D Expenditure by ANZSIC industry	12_Public Administration and Safety	None	2012
04 Total R&D Expenditure by ANZSIC industry	12_Public Administration and Safety	None	2014
04 Total R&D Expenditure by ANZSIC industry	12_Public Administration and Safety	None	2016
04 Total R&D Expenditure by ANZSIC industry	12_Public Administration and Safety	None	2018
04 Total R&D Expenditure by ANZSIC industry	12_Public Administration and Safety	None	2019
04 Total R&D Expenditure by ANZSIC industry	13_Health Care and Social Assistance	None	2012
04 Total R&D Expenditure by ANZSIC industry	13_Health Care and Social Assistance	None	2014
04 Total R&D Expenditure by ANZSIC industry	13_Health Care and Social Assistance	None	2016
04 Total R&D Expenditure by ANZSIC industry	13_Health Care and Social Assistance	None	2018
04 Total R&D Expenditure by ANZSIC industry	13_Health Care and Social Assistance	None	2019
04 Total R&D Expenditure by ANZSIC industry	14_Arts and Recreation Services	None	2012
04 Total R&D Expenditure by ANZSIC industry	14_Arts and Recreation Services	None	2014
04 Total R&D Expenditure by ANZSIC industry	14_Arts and Recreation Services	None	2016
04 Total R&D Expenditure by ANZSIC industry	14_Arts and Recreation Services	None	2018
04 Total R&D Expenditure by ANZSIC industry	14_Arts and Recreation Services	None	2019
04 Total R&D Expenditure by ANZSIC industry	15_Other Services	None	2012
04 Total R&D Expenditure by ANZSIC industry	15_Other Services	None	2014
04 Total R&D Expenditure by ANZSIC industry	15_Other Services	None	2016
04 Total R&D Expenditure by ANZSIC industry	15_Other Services	None	2018
04 Total R&D Expenditure by ANZSIC industry	15_Other Services	None	2019
04 Total R&D Expenditure by ANZSIC industry	19_Total business sector	None	2012
04 Total R&D Expenditure by ANZSIC industry	19_Total business sector	None	2014
04 Total R&D Expenditure by ANZSIC industry	19_Total business sector	None	2016
04 Total R&D Expenditure by ANZSIC industry	19_Total business sector	None	2018
04 Total R&D Expenditure by ANZSIC industry	19_Total business sector	None	2019
05 Purpose of Research	01_Primary industries	None	2012
05 Purpose of Research	01_Primary industries	None	2014
05 Purpose of Research	01_Primary industries	None	2016
05 Purpose of Research	01_Primary industries	None	2018
05 Purpose of Research	01_Primary industries	None	2019
05 Purpose of Research	02_Energy	None	2012
05 Purpose of Research	02_Energy	None	2014
05 Purpose of Research	02_Energy	None	2016
05 Purpose of Research	02_Energy	None	2018
05 Purpose of Research	02_Energy	None	2019
05 Purpose of Research	03_Manufacturing	None	2012
05 Purpose of Research	03_Manufacturing	None	2014
05 Purpose of Research	03_Manufacturing	None	2016
05 Purpose of Research	03_Manufacturing	None	2018
05 Purpose of Research	03_Manufacturing	None	2019
05 Purpose of Research	04_Construction and transport	None	2012
05 Purpose of Research	04_Construction and transport	None	2014
05 Purpose of Research	04_Construction and transport	None	2016
05 Purpose of Research	04_Construction and transport	None	2018
05 Purpose of Research	04_Construction and transport	None	2019
05 Purpose of Research	05_Information and communication services	None	2012
05 Purpose of Research	05_Information and communication services	None	2014
05 Purpose of Research	05_Information and communication services	None	2016
05 Purpose of Research	05_Information and communication services	None	2018
05 Purpose of Research	05_Information and communication services	None	2019
05 Purpose of Research	06_Commercial services and tourism	None	2012
05 Purpose of Research	06_Commercial services and tourism	None	2014
05 Purpose of Research	06_Commercial services and tourism	None	2016
05 Purpose of Research	06_Commercial services and tourism	None	2018
05 Purpose of Research	06_Commercial services and tourism	None	2019
05 Purpose of Research	07_Health	None	2012
05 Purpose of Research	07_Health	None	2014
05 Purpose of Research	07_Health	None	2016
05 Purpose of Research	07_Health	None	2018
05 Purpose of Research	07_Health	None	2019
05 Purpose of Research	08_Education and training	None	2012
05 Purpose of Research	08_Education and training	None	2014
05 Purpose of Research	08_Education and training	None	2016
05 Purpose of Research	08_Education and training	None	2018
05 Purpose of Research	08_Education and training	None	2019
05 Purpose of Research	09_Law, politics, and community services	None	2012
05 Purpose of Research	09_Law, politics, and community services	None	2014
05 Purpose of Research	09_Law, politics, and community services	None	2016
05 Purpose of Research	09_Law, politics, and community services	None	2018
05 Purpose of Research	09_Law, politics, and community services	None	2019
05 Purpose of Research	10_Cultural understanding	None	2012
05 Purpose of Research	10_Cultural understanding	None	2014
05 Purpose of Research	10_Cultural understanding	None	2016
05 Purpose of Research	10_Cultural understanding	None	2018
05 Purpose of Research	10_Cultural understanding	None	2019
05 Purpose of Research	11_Economic framework	None	2012
05 Purpose of Research	11_Economic framework	None	2014
05 Purpose of Research	11_Economic framework	None	2016
05 Purpose of Research	11_Economic framework	None	2018
05 Purpose of Research	11_Economic framework	None	2019
05 Purpose of Research	12_Environment	None	2012
05 Purpose of Research	12_Environment	None	2014
05 Purpose of Research	12_Environment	None	2016
05 Purpose of Research	12_Environment	None	2018
05 Purpose of Research	12_Environment	None	2019
05 Purpose of Research	13_Other	None	2012
05 Purpose of Research	13_Other	None	2014
05 Purpose of Research	13_Other	None	2016
05 Purpose of Research	13_Other	None	2018
05 Purpose of Research	13_Other	None	2019
05 Purpose of Research	16_Total Business Sector	None	2012
05 Purpose of Research	16_Total Business Sector	None	2014
05 Purpose of Research	16_Total Business Sector	None	2016
05 Purpose of Research	16_Total Business Sector	None	2018
05 Purpose of Research	16_Total Business Sector	None	2019
06 Source of funds	1) New Zealand businesses	None	2012
06 Source of funds	1) New Zealand businesses	None	2014
06 Source of funds	1) New Zealand businesses	None	2016
06 Source of funds	1) New Zealand businesses	None	2018
06 Source of funds	1) New Zealand businesses	None	2019
06 Source of funds	2) Own Funds	None	2012
06 Source of funds	2) Own Funds	None	2014
06 Source of funds	2) Own Funds	None	2016
06 Source of funds	2) Own Funds	None	2018
06 Source of funds	2) Own Funds	None	2019
06 Source of funds	3) Other New Zealand businesses	None	2012
06 Source of funds	3) Other New Zealand businesses	None	2014
06 Source of funds	3) Other New Zealand businesses	None	2016
06 Source of funds	3) Other New Zealand businesses	None	2018
06 Source of funds	3) Other New Zealand businesses	None	2019
06 Source of funds	4) New Zealand government	None	2012
06 Source of funds	4) New Zealand government	None	2014
06 Source of funds	4) New Zealand government	None	2016
06 Source of funds	4) New Zealand government	None	2018
06 Source of funds	4) New Zealand government	None	2019
06 Source of funds	5) Tertiary education	None	2012
06 Source of funds	5) Tertiary education	None	2014
06 Source of funds	5) Tertiary education	None	2016
06 Source of funds	5) Tertiary education	None	2018
06 Source of funds	5) Tertiary education	None	2019
06 Source of funds	6) Overseas	None	2012
06 Source of funds	6) Overseas	None	2014
06 Source of funds	6) Overseas	None	2016
06 Source of funds	6) Overseas	None	2018
06 Source of funds	6) Overseas	None	2019
06 Source of funds	7) Other funding sources	None	2012
06 Source of funds	7) Other funding sources	None	2014
06 Source of funds	7) Other funding sources	None	2016
06 Source of funds	7) Other funding sources	None	2018
06 Source of funds	7) Other funding sources	None	2019
06 Source of funds	9) Total Business Sector	None	2012
06 Source of funds	9) Total Business Sector	None	2014
06 Source of funds	9) Total Business Sector	None	2016
06 Source of funds	9) Total Business Sector	None	2018
06 Source of funds	9) Total Business Sector	None	2019
07 Type of Research	01_Basic	None	2012
07 Type of Research	01_Basic	None	2014
07 Type of Research	01_Basic	None	2016
07 Type of Research	01_Basic	None	2018
07 Type of Research	01_Basic	None	2019
07 Type of Research	02_Applied	None	2012
07 Type of Research	02_Applied	None	2014
07 Type of Research	02_Applied	None	2016
07 Type of Research	02_Applied	None	2018
07 Type of Research	02_Applied	None	2019
07 Type of Research	03_Experimental	None	2012
07 Type of Research	03_Experimental	None	2014
07 Type of Research	03_Experimental	None	2016
07 Type of Research	03_Experimental	None	2018
07 Type of Research	03_Experimental	None	2019
07 Type of Research	05_Total business sector	None	2012
07 Type of Research	05_Total business sector	None	2014
07 Type of Research	05_Total business sector	None	2016
07 Type of Research	05_Total business sector	None	2018
07 Type of Research	05_Total business sector	None	2019
08 Type of expenditure	01_Wages and Salaries	01_Primary	2012
08 Type of expenditure	01_Wages and Salaries	01_Primary	2014
08 Type of expenditure	01_Wages and Salaries	01_Primary	2016
08 Type of expenditure	01_Wages and Salaries	01_Primary	2018
08 Type of expenditure	01_Wages and Salaries	01_Primary	2019
08 Type of expenditure	01_Wages and Salaries	02_Manufacturing	2012
08 Type of expenditure	01_Wages and Salaries	02_Manufacturing	2014
08 Type of expenditure	01_Wages and Salaries	02_Manufacturing	2016
08 Type of expenditure	01_Wages and Salaries	02_Manufacturing	2018
08 Type of expenditure	01_Wages and Salaries	02_Manufacturing	2019
08 Type of expenditure	01_Wages and Salaries	03_Services	2012
08 Type of expenditure	01_Wages and Salaries	03_Services	2014
08 Type of expenditure	01_Wages and Salaries	03_Services	2016
08 Type of expenditure	01_Wages and Salaries	03_Services	2018
08 Type of expenditure	01_Wages and Salaries	03_Services	2019
08 Type of expenditure	01_Wages and Salaries	05_Total business sector	2012
08 Type of expenditure	01_Wages and Salaries	05_Total business sector	2014
08 Type of expenditure	01_Wages and Salaries	05_Total business sector	2016
08 Type of expenditure	01_Wages and Salaries	05_Total business sector	2018
08 Type of expenditure	01_Wages and Salaries	05_Total business sector	2019
08 Type of expenditure	02_Capital expenditure	01_Primary	2012
08 Type of expenditure	02_Capital expenditure	01_Primary	2014
08 Type of expenditure	02_Capital expenditure	01_Primary	2016
08 Type of expenditure	02_Capital expenditure	01_Primary	2018
08 Type of expenditure	02_Capital expenditure	01_Primary	2019
08 Type of expenditure	02_Capital expenditure	02_Manufacturing	2012
08 Type of expenditure	02_Capital expenditure	02_Manufacturing	2014
08 Type of expenditure	02_Capital expenditure	02_Manufacturing	2016
08 Type of expenditure	02_Capital expenditure	02_Manufacturing	2018
08 Type of expenditure	02_Capital expenditure	02_Manufacturing	2019
08 Type of expenditure	02_Capital expenditure	03_Services	2012
08 Type of expenditure	02_Capital expenditure	03_Services	2014
08 Type of expenditure	02_Capital expenditure	03_Services	2016
08 Type of expenditure	02_Capital expenditure	03_Services	2018
08 Type of expenditure	02_Capital expenditure	03_Services	2019
08 Type of expenditure	02_Capital expenditure	05_Total business sector	2012
08 Type of expenditure	02_Capital expenditure	05_Total business sector	2014
08 Type of expenditure	02_Capital expenditure	05_Total business sector	2016
08 Type of expenditure	02_Capital expenditure	05_Total business sector	2018
08 Type of expenditure	02_Capital expenditure	05_Total business sector	2019
08 Type of expenditure	03_Other current expenditure	01_Primary	2012
08 Type of expenditure	03_Other current expenditure	01_Primary	2014
08 Type of expenditure	03_Other current expenditure	01_Primary	2016
08 Type of expenditure	03_Other current expenditure	01_Primary	2018
08 Type of expenditure	03_Other current expenditure	01_Primary	2019
08 Type of expenditure	03_Other current expenditure	02_Manufacturing	2012
08 Type of expenditure	03_Other current expenditure	02_Manufacturing	2014
08 Type of expenditure	03_Other current expenditure	02_Manufacturing	2016
08 Type of expenditure	03_Other current expenditure	02_Manufacturing	2018
08 Type of expenditure	03_Other current expenditure	02_Manufacturing	2019
08 Type of expenditure	03_Other current expenditure	03_Services	2012
08 Type of expenditure	03_Other current expenditure	03_Services	2014
08 Type of expenditure	03_Other current expenditure	03_Services	2016
08 Type of expenditure	03_Other current expenditure	03_Services	2018
08 Type of expenditure	03_Other current expenditure	03_Services	2019
08 Type of expenditure	03_Other current expenditure	05_Total business sector	2012
08 Type of expenditure	03_Other current expenditure	05_Total business sector	2014
08 Type of expenditure	03_Other current expenditure	05_Total business sector	2016
08 Type of expenditure	03_Other current expenditure	05_Total business sector	2018
08 Type of expenditure	03_Other current expenditure	05_Total business sector	2019
08 Type of expenditure	05_Total expenditure ($ million)	01_Primary	2012
08 Type of expenditure	05_Total expenditure ($ million)	01_Primary	2014
08 Type of expenditure	05_Total expenditure ($ million)	01_Primary	2016
08 Type of expenditure	05_Total expenditure ($ million)	01_Primary	2018
08 Type of expenditure	05_Total expenditure ($ million)	01_Primary	2019
08 Type of expenditure	05_Total expenditure ($ million)	02_Manufacturing	2012
08 Type of expenditure	05_Total expenditure ($ million)	02_Manufacturing	2014
08 Type of expenditure	05_Total expenditure ($ million)	02_Manufacturing	2016
08 Type of expenditure	05_Total expenditure ($ million)	02_Manufacturing	2018
08 Type of expenditure	05_Total expenditure ($ million)	02_Manufacturing	2019
08 Type of expenditure	05_Total expenditure ($ million)	03_Services	2012
08 Type of expenditure	05_Total expenditure ($ million)	03_Services	2014
08 Type of expenditure	05_Total expenditure ($ million)	03_Services	2016
08 Type of expenditure	05_Total expenditure ($ million)	03_Services	2018
08 Type of expenditure	05_Total expenditure ($ million)	03_Services	2019
08 Type of expenditure	05_Total expenditure ($ million)	05_Total business sector	2012
08 Type of expenditure	05_Total expenditure ($ million)	05_Total business sector	2014
08 Type of expenditure	05_Total expenditure ($ million)	05_Total business sector	2016
08 Type of expenditure	05_Total expenditure ($ million)	05_Total business sector	2018
08 Type of expenditure	05_Total expenditure ($ million)	05_Total business sector	2019
09 Expectation of future levels of R&D by sub-sect	01_Decrease	01_Primary	2012
09 Expectation of future levels of R&D by sub-sect	01_Decrease	01_Primary	2014
09 Expectation of future levels of R&D by sub-sect	01_Decrease	01_Primary	2016
09 Expectation of future levels of R&D by sub-sect	01_Decrease	01_Primary	2018
09 Expectation of future levels of R&D by sub-sect	01_Decrease	01_Primary	2019
09 Expectation of future levels of R&D by sub-sect	01_Decrease	02_Manufacturing	2012
09 Expectation of future levels of R&D by sub-sect	01_Decrease	02_Manufacturing	2014
09 Expectation of future levels of R&D by sub-sect	01_Decrease	02_Manufacturing	2016
09 Expectation of future levels of R&D by sub-sect	01_Decrease	02_Manufacturing	2018
09 Expectation of future levels of R&D by sub-sect	01_Decrease	02_Manufacturing	2019
09 Expectation of future levels of R&D by sub-sect	01_Decrease	03_Services	2012
09 Expectation of future levels of R&D by sub-sect	01_Decrease	03_Services	2014
09 Expectation of future levels of R&D by sub-sect	01_Decrease	03_Services	2016
09 Expectation of future levels of R&D by sub-sect	01_Decrease	03_Services	2018
09 Expectation of future levels of R&D by sub-sect	01_Decrease	03_Services	2019
09 Expectation of future levels of R&D by sub-sect	01_Decrease	05_Total business sector	2012
09 Expectation of future levels of R&D by sub-sect	01_Decrease	05_Total business sector	2014
09 Expectation of future levels of R&D by sub-sect	01_Decrease	05_Total business sector	2016
09 Expectation of future levels of R&D by sub-sect	01_Decrease	05_Total business sector	2018
09 Expectation of future levels of R&D by sub-sect	01_Decrease	05_Total business sector	2019
09 Expectation of future levels of R&D by sub-sect	02_Stay the same	01_Primary	2012
09 Expectation of future levels of R&D by sub-sect	02_Stay the same	01_Primary	2014
09 Expectation of future levels of R&D by sub-sect	02_Stay the same	01_Primary	2016
09 Expectation of future levels of R&D by sub-sect	02_Stay the same	01_Primary	2018
09 Expectation of future levels of R&D by sub-sect	02_Stay the same	01_Primary	2019
09 Expectation of future levels of R&D by sub-sect	02_Stay the same	02_Manufacturing	2012
09 Expectation of future levels of R&D by sub-sect	02_Stay the same	02_Manufacturing	2014
09 Expectation of future levels of R&D by sub-sect	02_Stay the same	02_Manufacturing	2016
09 Expectation of future levels of R&D by sub-sect	02_Stay the same	02_Manufacturing	2018
09 Expectation of future levels of R&D by sub-sect	02_Stay the same	02_Manufacturing	2019
09 Expectation of future levels of R&D by sub-sect	02_Stay the same	03_Services	2012
09 Expectation of future levels of R&D by sub-sect	02_Stay the same	03_Services	2014
09 Expectation of future levels of R&D by sub-sect	02_Stay the same	03_Services	2016
09 Expectation of future levels of R&D by sub-sect	02_Stay the same	03_Services	2018
09 Expectation of future levels of R&D by sub-sect	02_Stay the same	03_Services	2019
09 Expectation of future levels of R&D by sub-sect	02_Stay the same	05_Total business sector	2012
09 Expectation of future levels of R&D by sub-sect	02_Stay the same	05_Total business sector	2014
09 Expectation of future levels of R&D by sub-sect	02_Stay the same	05_Total business sector	2016
09 Expectation of future levels of R&D by sub-sect	02_Stay the same	05_Total business sector	2018
09 Expectation of future levels of R&D by sub-sect	02_Stay the same	05_Total business sector	2019
09 Expectation of future levels of R&D by sub-sect	03_Increase	01_Primary	2012
09 Expectation of future levels of R&D by sub-sect	03_Increase	01_Primary	2014
09 Expectation of future levels of R&D by sub-sect	03_Increase	01_Primary	2016
09 Expectation of future levels of R&D by sub-sect	03_Increase	01_Primary	2018
09 Expectation of future levels of R&D by sub-sect	03_Increase	01_Primary	2019
09 Expectation of future levels of R&D by sub-sect	03_Increase	02_Manufacturing	2012
09 Expectation of future levels of R&D by sub-sect	03_Increase	02_Manufacturing	2014
09 Expectation of future levels of R&D by sub-sect	03_Increase	02_Manufacturing	2016
09 Expectation of future levels of R&D by sub-sect	03_Increase	02_Manufacturing	2018
09 Expectation of future levels of R&D by sub-sect	03_Increase	02_Manufacturing	2019
09 Expectation of future levels of R&D by sub-sect	03_Increase	03_Services	2012
09 Expectation of future levels of R&D by sub-sect	03_Increase	03_Services	2014
09 Expectation of future levels of R&D by sub-sect	03_Increase	03_Services	2016
09 Expectation of future levels of R&D by sub-sect	03_Increase	03_Services	2018
09 Expectation of future levels of R&D by sub-sect	03_Increase	03_Services	2019
09 Expectation of future levels of R&D by sub-sect	03_Increase	05_Total business sector	2012
09 Expectation of future levels of R&D by sub-sect	03_Increase	05_Total business sector	2014
09 Expectation of future levels of R&D by sub-sect	03_Increase	05_Total business sector	2016
09 Expectation of future levels of R&D by sub-sect	03_Increase	05_Total business sector	2018
09 Expectation of future levels of R&D by sub-sect	03_Increase	05_Total business sector	2019
09 Expectation of future levels of R&D by sub-sect	04_Don't know	01_Primary	2012
09 Expectation of future levels of R&D by sub-sect	04_Don't know	01_Primary	2014
09 Expectation of future levels of R&D by sub-sect	04_Don't know	01_Primary	2016
09 Expectation of future levels of R&D by sub-sect	04_Don't know	01_Primary	2018
09 Expectation of future levels of R&D by sub-sect	04_Don't know	01_Primary	2019
09 Expectation of future levels of R&D by sub-sect	04_Don't know	02_Manufacturing	2012
09 Expectation of future levels of R&D by sub-sect	04_Don't know	02_Manufacturing	2014
09 Expectation of future levels of R&D by sub-sect	04_Don't know	02_Manufacturing	2016
09 Expectation of future levels of R&D by sub-sect	04_Don't know	02_Manufacturing	2018
09 Expectation of future levels of R&D by sub-sect	04_Don't know	02_Manufacturing	2019
09 Expectation of future levels of R&D by sub-sect	04_Don't know	03_Services	2012
09 Expectation of future levels of R&D by sub-sect	04_Don't know	03_Services	2014
09 Expectation of future levels of R&D by sub-sect	04_Don't know	03_Services	2016
09 Expectation of future levels of R&D by sub-sect	04_Don't know	03_Services	2018
09 Expectation of future levels of R&D by sub-sect	04_Don't know	03_Services	2019
09 Expectation of future levels of R&D by sub-sect	04_Don't know	05_Total business sector	2012
09 Expectation of future levels of R&D by sub-sect	04_Don't know	05_Total business sector	2014
09 Expectation of future levels of R&D by sub-sect	04_Don't know	05_Total business sector	2016
09 Expectation of future levels of R&D by sub-sect	04_Don't know	05_Total business sector	2018
09 Expectation of future levels of R&D by sub-sect	04_Don't know	05_Total business sector	2019
09 Expectation of future levels of R&D by sub-sect	05_Not specified	01_Primary	2012
09 Expectation of future levels of R&D by sub-sect	05_Not specified	01_Primary	2014
09 Expectation of future levels of R&D by sub-sect	05_Not specified	01_Primary	2016
09 Expectation of future levels of R&D by sub-sect	05_Not specified	01_Primary	2018
09 Expectation of future levels of R&D by sub-sect	05_Not specified	01_Primary	2019
09 Expectation of future levels of R&D by sub-sect	05_Not specified	02_Manufacturing	2012
09 Expectation of future levels of R&D by sub-sect	05_Not specified	02_Manufacturing	2014
09 Expectation of future levels of R&D by sub-sect	05_Not specified	02_Manufacturing	2016
09 Expectation of future levels of R&D by sub-sect	05_Not specified	02_Manufacturing	2018
09 Expectation of future levels of R&D by sub-sect	05_Not specified	02_Manufacturing	2019
09 Expectation of future levels of R&D by sub-sect	05_Not specified	03_Services	2012
09 Expectation of future levels of R&D by sub-sect	05_Not specified	03_Services	2014
09 Expectation of future levels of R&D by sub-sect	05_Not specified	03_Services	2016
09 Expectation of future levels of R&D by sub-sect	05_Not specified	03_Services	2018
09 Expectation of future levels of R&D by sub-sect	05_Not specified	03_Services	2019
09 Expectation of future levels of R&D by sub-sect	05_Not specified	05_Total business sector	2012
09 Expectation of future levels of R&D by sub-sect	05_Not specified	05_Total business sector	2014
09 Expectation of future levels of R&D by sub-sect	05_Not specified	05_Total business sector	2016
09 Expectation of future levels of R&D by sub-sect	05_Not specified	05_Total business sector	2018
09 Expectation of future levels of R&D by sub-sect	05_Not specified	05_Total business sector	2019
10 Reason for carrying out or funding R&D by sub-s	01_To gain entry into new markets	01_Primary	2012
10 Reason for carrying out or funding R&D by sub-s	01_To gain entry into new markets	01_Primary	2014
10 Reason for carrying out or funding R&D by sub-s	01_To gain entry into new markets	01_Primary	2016
10 Reason for carrying out or funding R&D by sub-s	01_To gain entry into new markets	01_Primary	2018
10 Reason for carrying out or funding R&D by sub-s	01_To gain entry into new markets	01_Primary	2019
10 Reason for carrying out or funding R&D by sub-s	01_To gain entry into new markets	02_Manufacturing	2012
10 Reason for carrying out or funding R&D by sub-s	01_To gain entry into new markets	02_Manufacturing	2014
10 Reason for carrying out or funding R&D by sub-s	01_To gain entry into new markets	02_Manufacturing	2016
10 Reason for carrying out or funding R&D by sub-s	01_To gain entry into new markets	02_Manufacturing	2018
10 Reason for carrying out or funding R&D by sub-s	01_To gain entry into new markets	02_Manufacturing	2019
10 Reason for carrying out or funding R&D by sub-s	01_To gain entry into new markets	03_Services	2012
10 Reason for carrying out or funding R&D by sub-s	01_To gain entry into new markets	03_Services	2014
10 Reason for carrying out or funding R&D by sub-s	01_To gain entry into new markets	03_Services	2016
10 Reason for carrying out or funding R&D by sub-s	01_To gain entry into new markets	03_Services	2018
10 Reason for carrying out or funding R&D by sub-s	01_To gain entry into new markets	03_Services	2019
10 Reason for carrying out or funding R&D by sub-s	01_To gain entry into new markets	05_Total business sector	2012
10 Reason for carrying out or funding R&D by sub-s	01_To gain entry into new markets	05_Total business sector	2014
10 Reason for carrying out or funding R&D by sub-s	01_To gain entry into new markets	05_Total business sector	2016
10 Reason for carrying out or funding R&D by sub-s	01_To gain entry into new markets	05_Total business sector	2018
10 Reason for carrying out or funding R&D by sub-s	01_To gain entry into new markets	05_Total business sector	2019
10 Reason for carrying out or funding R&D by sub-s	02_To catch up with key compeitors	01_Primary	2012
10 Reason for carrying out or funding R&D by sub-s	02_To catch up with key compeitors	01_Primary	2014
10 Reason for carrying out or funding R&D by sub-s	02_To catch up with key compeitors	01_Primary	2016
10 Reason for carrying out or funding R&D by sub-s	02_To catch up with key compeitors	01_Primary	2018
10 Reason for carrying out or funding R&D by sub-s	02_To catch up with key compeitors	01_Primary	2019
10 Reason for carrying out or funding R&D by sub-s	02_To catch up with key compeitors	02_Manufacturing	2012
10 Reason for carrying out or funding R&D by sub-s	02_To catch up with key compeitors	02_Manufacturing	2014
10 Reason for carrying out or funding R&D by sub-s	02_To catch up with key compeitors	02_Manufacturing	2016
10 Reason for carrying out or funding R&D by sub-s	02_To catch up with key compeitors	02_Manufacturing	2018
10 Reason for carrying out or funding R&D by sub-s	02_To catch up with key compeitors	02_Manufacturing	2019
10 Reason for carrying out or funding R&D by sub-s	02_To catch up with key compeitors	03_Services	2012
10 Reason for carrying out or funding R&D by sub-s	02_To catch up with key compeitors	03_Services	2014
10 Reason for carrying out or funding R&D by sub-s	02_To catch up with key compeitors	03_Services	2016
10 Reason for carrying out or funding R&D by sub-s	02_To catch up with key compeitors	03_Services	2018
10 Reason for carrying out or funding R&D by sub-s	02_To catch up with key compeitors	03_Services	2019
10 Reason for carrying out or funding R&D by sub-s	02_To catch up with key compeitors	05_Total business sector	2012
10 Reason for carrying out or funding R&D by sub-s	02_To catch up with key compeitors	05_Total business sector	2014
10 Reason for carrying out or funding R&D by sub-s	02_To catch up with key compeitors	05_Total business sector	2016
10 Reason for carrying out or funding R&D by sub-s	02_To catch up with key compeitors	05_Total business sector	2018
10 Reason for carrying out or funding R&D by sub-s	02_To catch up with key compeitors	05_Total business sector	2019
10 Reason for carrying out or funding R&D by sub-s	03_To maintain position in the market	01_Primary	2012
10 Reason for carrying out or funding R&D by sub-s	03_To maintain position in the market	01_Primary	2014
10 Reason for carrying out or funding R&D by sub-s	03_To maintain position in the market	01_Primary	2016
10 Reason for carrying out or funding R&D by sub-s	03_To maintain position in the market	01_Primary	2018
10 Reason for carrying out or funding R&D by sub-s	03_To maintain position in the market	01_Primary	2019
10 Reason for carrying out or funding R&D by sub-s	03_To maintain position in the market	02_Manufacturing	2012
10 Reason for carrying out or funding R&D by sub-s	03_To maintain position in the market	02_Manufacturing	2014
10 Reason for carrying out or funding R&D by sub-s	03_To maintain position in the market	02_Manufacturing	2016
10 Reason for carrying out or funding R&D by sub-s	03_To maintain position in the market	02_Manufacturing	2018
10 Reason for carrying out or funding R&D by sub-s	03_To maintain position in the market	02_Manufacturing	2019
10 Reason for carrying out or funding R&D by sub-s	03_To maintain position in the market	03_Services	2012
10 Reason for carrying out or funding R&D by sub-s	03_To maintain position in the market	03_Services	2014
10 Reason for carrying out or funding R&D by sub-s	03_To maintain position in the market	03_Services	2016
10 Reason for carrying out or funding R&D by sub-s	03_To maintain position in the market	03_Services	2018
10 Reason for carrying out or funding R&D by sub-s	03_To maintain position in the market	03_Services	2019
10 Reason for carrying out or funding R&D by sub-s	03_To maintain position in the market	05_Total business sector	2012
10 Reason for carrying out or funding R&D by sub-s	03_To maintain position in the market	05_Total business sector	2014
10 Reason for carrying out or funding R&D by sub-s	03_To maintain position in the market	05_Total business sector	2016
10 Reason for carrying out or funding R&D by sub-s	03_To maintain position in the market	05_Total business sector	2018
10 Reason for carrying out or funding R&D by sub-s	03_To maintain position in the market	05_Total business sector	2019
10 Reason for carrying out or funding R&D by sub-s	04_To become a dominant player in the market	01_Primary	2012
10 Reason for carrying out or funding R&D by sub-s	04_To become a dominant player in the market	01_Primary	2014
10 Reason for carrying out or funding R&D by sub-s	04_To become a dominant player in the market	01_Primary	2016
10 Reason for carrying out or funding R&D by sub-s	04_To become a dominant player in the market	01_Primary	2018
10 Reason for carrying out or funding R&D by sub-s	04_To become a dominant player in the market	01_Primary	2019
10 Reason for carrying out or funding R&D by sub-s	04_To become a dominant player in the market	02_Manufacturing	2012
10 Reason for carrying out or funding R&D by sub-s	04_To become a dominant player in the market	02_Manufacturing	2014
10 Reason for carrying out or funding R&D by sub-s	04_To become a dominant player in the market	02_Manufacturing	2016
10 Reason for carrying out or funding R&D by sub-s	04_To become a dominant player in the market	02_Manufacturing	2018
10 Reason for carrying out or funding R&D by sub-s	04_To become a dominant player in the market	02_Manufacturing	2019
10 Reason for carrying out or funding R&D by sub-s	04_To become a dominant player in the market	03_Services	2012
10 Reason for carrying out or funding R&D by sub-s	04_To become a dominant player in the market	03_Services	2014
10 Reason for carrying out or funding R&D by sub-s	04_To become a dominant player in the market	03_Services	2016
10 Reason for carrying out or funding R&D by sub-s	04_To become a dominant player in the market	03_Services	2018
10 Reason for carrying out or funding R&D by sub-s	04_To become a dominant player in the market	03_Services	2019
10 Reason for carrying out or funding R&D by sub-s	04_To become a dominant player in the market	05_Total business sector	2012
10 Reason for carrying out or funding R&D by sub-s	04_To become a dominant player in the market	05_Total business sector	2014
10 Reason for carrying out or funding R&D by sub-s	04_To become a dominant player in the market	05_Total business sector	2016
10 Reason for carrying out or funding R&D by sub-s	04_To become a dominant player in the market	05_Total business sector	2018
10 Reason for carrying out or funding R&D by sub-s	04_To become a dominant player in the market	05_Total business sector	2019
10 Reason for carrying out or funding R&D by sub-s	05_None of the above	01_Primary	2012
10 Reason for carrying out or funding R&D by sub-s	05_None of the above	01_Primary	2014
10 Reason for carrying out or funding R&D by sub-s	05_None of the above	01_Primary	2016
10 Reason for carrying out or funding R&D by sub-s	05_None of the above	01_Primary	2018
10 Reason for carrying out or funding R&D by sub-s	05_None of the above	01_Primary	2019
10 Reason for carrying out or funding R&D by sub-s	05_None of the above	02_Manufacturing	2012
10 Reason for carrying out or funding R&D by sub-s	05_None of the above	02_Manufacturing	2014
10 Reason for carrying out or funding R&D by sub-s	05_None of the above	02_Manufacturing	2016
10 Reason for carrying out or funding R&D by sub-s	05_None of the above	02_Manufacturing	2018
10 Reason for carrying out or funding R&D by sub-s	05_None of the above	02_Manufacturing	2019
10 Reason for carrying out or funding R&D by sub-s	05_None of the above	03_Services	2012
10 Reason for carrying out or funding R&D by sub-s	05_None of the above	03_Services	2014
10 Reason for carrying out or funding R&D by sub-s	05_None of the above	03_Services	2016
10 Reason for carrying out or funding R&D by sub-s	05_None of the above	03_Services	2018
10 Reason for carrying out or funding R&D by sub-s	05_None of the above	03_Services	2019
10 Reason for carrying out or funding R&D by sub-s	05_None of the above	05_Total business sector	2012
10 Reason for carrying out or funding R&D by sub-s	05_None of the above	05_Total business sector	2014
10 Reason for carrying out or funding R&D by sub-s	05_None of the above	05_Total business sector	2016
10 Reason for carrying out or funding R&D by sub-s	05_None of the above	05_Total business sector	2018
10 Reason for carrying out or funding R&D by sub-s	05_None of the above	05_Total business sector	2019
11 Full-Time equivalent personnel by occupation	02_Researcher	None	2012
11 Full-Time equivalent personnel by occupation	02_Researcher	None	2014
11 Full-Time equivalent personnel by occupation	02_Researcher	None	2016
11 Full-Time equivalent personnel by occupation	02_Researcher	None	2018
11 Full-Time equivalent personnel by occupation	02_Researcher	None	2019
11 Full-Time equivalent personnel by occupation	04_Technician	None	2012
11 Full-Time equivalent personnel by occupation	04_Technician	None	2014
11 Full-Time equivalent personnel by occupation	04_Technician	None	2016
11 Full-Time equivalent personnel by occupation	04_Technician	None	2018
11 Full-Time equivalent personnel by occupation	04_Technician	None	2019
11 Full-Time equivalent personnel by occupation	05_Support staff	None	2012
11 Full-Time equivalent personnel by occupation	05_Support staff	None	2014
11 Full-Time equivalent personnel by occupation	05_Support staff	None	2016
11 Full-Time equivalent personnel by occupation	05_Support staff	None	2018
11 Full-Time equivalent personnel by occupation	05_Support staff	None	2019
11 Full-Time equivalent personnel by occupation	07_Total business sector	None	2012
11 Full-Time equivalent personnel by occupation	07_Total business sector	None	2014
11 Full-Time equivalent personnel by occupation	07_Total business sector	None	2016
11 Full-Time equivalent personnel by occupation	07_Total business sector	None	2018
11 Full-Time equivalent personnel by occupation	07_Total business sector	None	2019
11 Headcount of personnel by occupation	02_Researcher	None	2012
11 Headcount of personnel by occupation	02_Researcher	None	2014
11 Headcount of personnel by occupation	02_Researcher	None	2016
11 Headcount of personnel by occupation	02_Researcher	None	2018
11 Headcount of personnel by occupation	02_Researcher	None	2019
11 Headcount of personnel by occupation	04_Technician	None	2012
11 Headcount of personnel by occupation	04_Technician	None	2014
11 Headcount of personnel by occupation	04_Technician	None	2016
11 Headcount of personnel by occupation	04_Technician	None	2018
11 Headcount of personnel by occupation	04_Technician	None	2019
11 Headcount of personnel by occupation	05_Support staff	None	2012
11 Headcount of personnel by occupation	05_Support staff	None	2014
11 Headcount of personnel by occupation	05_Support staff	None	2016
11 Headcount of personnel by occupation	05_Support staff	None	2018
11 Headcount of personnel by occupation	05_Support staff	None	2019
11 Headcount of personnel by occupation	07_Total business sector	None	2012
11 Headcount of personnel by occupation	07_Total business sector	None	2014
11 Headcount of personnel by occupation	07_Total business sector	None	2016
11 Headcount of personnel by occupation	07_Total business sector	None	2018
11 Headcount of personnel by occupation	07_Total business sector	None	2019
12 Total R&D Expenditure by size	1) Zero	None	2012
12 Total R&D Expenditure by size	1) Zero	None	2014
12 Total R&D Expenditure by size	1) Zero	None	2016
12 Total R&D Expenditure by size	1) Zero	None	2018
12 Total R&D Expenditure by size	1) Zero	None	2019
12 Total R&D Expenditure by size	2) 1-9 employees	None	2012
12 Total R&D Expenditure by size	2) 1-9 employees	None	2014
12 Total R&D Expenditure by size	2) 1-9 employees	None	2016
12 Total R&D Expenditure by size	2) 1-9 employees	None	2018
12 Total R&D Expenditure by size	2) 1-9 employees	None	2019
12 Total R&D Expenditure by size	3) 1019 employees	None	2012
12 Total R&D Expenditure by size	3) 1019 employees	None	2014
12 Total R&D Expenditure by size	3) 1019 employees	None	2016
12 Total R&D Expenditure by size	3) 1019 employees	None	2018
12 Total R&D Expenditure by size	3) 1019 employees	None	2019
12 Total R&D Expenditure by size	4) 2049 employees	None	2012
12 Total R&D Expenditure by size	4) 2049 employees	None	2014
12 Total R&D Expenditure by size	4) 2049 employees	None	2016
12 Total R&D Expenditure by size	4) 2049 employees	None	2018
12 Total R&D Expenditure by size	4) 2049 employees	None	2019
12 Total R&D Expenditure by size	5) 5099 employees	None	2012
12 Total R&D Expenditure by size	5) 5099 employees	None	2014
12 Total R&D Expenditure by size	5) 5099 employees	None	2016
12 Total R&D Expenditure by size	5) 5099 employees	None	2018
12 Total R&D Expenditure by size	5) 5099 employees	None	2019
12 Total R&D Expenditure by size	6) 100+ employees	None	2012
12 Total R&D Expenditure by size	6) 100+ employees	None	2014
12 Total R&D Expenditure by size	6) 100+ employees	None	2016
12 Total R&D Expenditure by size	6) 100+ employees	None	2018
12 Total R&D Expenditure by size	6) 100+ employees	None	2019
12 Total R&D Expenditure by size	8)Total business sector	None	2012
12 Total R&D Expenditure by size	8)Total business sector	None	2014
12 Total R&D Expenditure by size	8)Total business sector	None	2016
12 Total R&D Expenditure by size	8)Total business sector	None	2018
12 Total R&D Expenditure by size	8)Total business sector	None	2019
13 Businesses performing R&D by size	1) Zero	None	2012
13 Businesses performing R&D by size	1) Zero	None	2014
13 Businesses performing R&D by size	1) Zero	None	2016
13 Businesses performing R&D by size	1) Zero	None	2018
13 Businesses performing R&D by size	1) Zero	None	2019
13 Businesses performing R&D by size	2) 1-9 employees	None	2012
13 Businesses performing R&D by size	2) 1-9 employees	None	2014
13 Businesses performing R&D by size	2) 1-9 employees	None	2016
13 Businesses performing R&D by size	2) 1-9 employees	None	2018
13 Businesses performing R&D by size	2) 1-9 employees	None	2019
13 Businesses performing R&D by size	3) 1019 employees	None	2012
13 Businesses performing R&D by size	3) 1019 employees	None	2014
13 Businesses performing R&D by size	3) 1019 employees	None	2016
13 Businesses performing R&D by size	3) 1019 employees	None	2018
13 Businesses performing R&D by size	3) 1019 employees	None	2019
13 Businesses performing R&D by size	4) 2049 employees	None	2012
13 Businesses performing R&D by size	4) 2049 employees	None	2014
13 Businesses performing R&D by size	4) 2049 employees	None	2016
13 Businesses performing R&D by size	4) 2049 employees	None	2018
13 Businesses performing R&D by size	4) 2049 employees	None	2019
13 Businesses performing R&D by size	5) 5099 employees	None	2012
13 Businesses performing R&D by size	5) 5099 employees	None	2014
13 Businesses performing R&D by size	5) 5099 employees	None	2016
13 Businesses performing R&D by size	5) 5099 employees	None	2018
13 Businesses performing R&D by size	5) 5099 employees	None	2019
13 Businesses performing R&D by size	6) 100+ employees	None	2012
13 Businesses performing R&D by size	6) 100+ employees	None	2014
13 Businesses performing R&D by size	6) 100+ employees	None	2016
13 Businesses performing R&D by size	6) 100+ employees	None	2018
13 Businesses performing R&D by size	6) 100+ employees	None	2019
13 Businesses performing R&D by size	8) Total business sector	None	2012
13 Businesses performing R&D by size	8) Total business sector	None	2014
13 Businesses performing R&D by size	8) Total business sector	None	2016
13 Businesses performing R&D by size	8) Total business sector	None	2018
13 Businesses performing R&D by size	8) Total business sector	None	2019
15 Broad purpose of research by sub-sector	01_Primary industries	01_Primary	2012
15 Broad purpose of research by sub-sector	01_Primary industries	01_Primary	2014
15 Broad purpose of research by sub-sector	01_Primary industries	01_Primary	2016
15 Broad purpose of research by sub-sector	01_Primary industries	01_Primary	2018
15 Broad purpose of research by sub-sector	01_Primary industries	01_Primary	2019
15 Broad purpose of research by sub-sector	01_Primary industries	02_Manufacturing	2012
15 Broad purpose of research by sub-sector	01_Primary industries	02_Manufacturing	2014
15 Broad purpose of research by sub-sector	01_Primary industries	02_Manufacturing	2016
15 Broad purpose of research by sub-sector	01_Primary industries	02_Manufacturing	2018
15 Broad purpose of research by sub-sector	01_Primary industries	02_Manufacturing	2019
15 Broad purpose of research by sub-sector	01_Primary industries	03_Services	2012
15 Broad purpose of research by sub-sector	01_Primary industries	03_Services	2014
15 Broad purpose of research by sub-sector	01_Primary industries	03_Services	2016
15 Broad purpose of research by sub-sector	01_Primary industries	03_Services	2018
15 Broad purpose of research by sub-sector	01_Primary industries	03_Services	2019
15 Broad purpose of research by sub-sector	01_Primary industries	05_Total business sector	2012
15 Broad purpose of research by sub-sector	01_Primary industries	05_Total business sector	2014
15 Broad purpose of research by sub-sector	01_Primary industries	05_Total business sector	2016
15 Broad purpose of research by sub-sector	01_Primary industries	05_Total business sector	2018
15 Broad purpose of research by sub-sector	01_Primary industries	05_Total business sector	2019
15 Broad purpose of research by sub-sector	02_Industrial and infrastructure development	01_Primary	2012
15 Broad purpose of research by sub-sector	02_Industrial and infrastructure development	01_Primary	2014
15 Broad purpose of research by sub-sector	02_Industrial and infrastructure development	01_Primary	2016
15 Broad purpose of research by sub-sector	02_Industrial and infrastructure development	01_Primary	2018
15 Broad purpose of research by sub-sector	02_Industrial and infrastructure development	01_Primary	2019
15 Broad purpose of research by sub-sector	02_Industrial and infrastructure development	02_Manufacturing	2012
15 Broad purpose of research by sub-sector	02_Industrial and infrastructure development	02_Manufacturing	2014
15 Broad purpose of research by sub-sector	02_Industrial and infrastructure development	02_Manufacturing	2016
15 Broad purpose of research by sub-sector	02_Industrial and infrastructure development	02_Manufacturing	2018
15 Broad purpose of research by sub-sector	02_Industrial and infrastructure development	02_Manufacturing	2019
15 Broad purpose of research by sub-sector	02_Industrial and infrastructure development	03_Services	2012
15 Broad purpose of research by sub-sector	02_Industrial and infrastructure development	03_Services	2014
15 Broad purpose of research by sub-sector	02_Industrial and infrastructure development	03_Services	2016
15 Broad purpose of research by sub-sector	02_Industrial and infrastructure development	03_Services	2018
15 Broad purpose of research by sub-sector	02_Industrial and infrastructure development	03_Services	2019
15 Broad purpose of research by sub-sector	02_Industrial and infrastructure development	05_Total business sector	2012
15 Broad purpose of research by sub-sector	02_Industrial and infrastructure development	05_Total business sector	2014
15 Broad purpose of research by sub-sector	02_Industrial and infrastructure development	05_Total business sector	2016
15 Broad purpose of research by sub-sector	02_Industrial and infrastructure development	05_Total business sector	2018
15 Broad purpose of research by sub-sector	02_Industrial and infrastructure development	05_Total business sector	2019
15 Broad purpose of research by sub-sector	03_Society	01_Primary	2012
15 Broad purpose of research by sub-sector	03_Society	01_Primary	2014
15 Broad purpose of research by sub-sector	03_Society	01_Primary	2016
15 Broad purpose of research by sub-sector	03_Society	01_Primary	2018
15 Broad purpose of research by sub-sector	03_Society	01_Primary	2019
15 Broad purpose of research by sub-sector	03_Society	02_Manufacturing	2012
15 Broad purpose of research by sub-sector	03_Society	02_Manufacturing	2014
15 Broad purpose of research by sub-sector	03_Society	02_Manufacturing	2016
15 Broad purpose of research by sub-sector	03_Society	02_Manufacturing	2018
15 Broad purpose of research by sub-sector	03_Society	02_Manufacturing	2019
15 Broad purpose of research by sub-sector	03_Society	03_Services	2012
15 Broad purpose of research by sub-sector	03_Society	03_Services	2014
15 Broad purpose of research by sub-sector	03_Society	03_Services	2016
15 Broad purpose of research by sub-sector	03_Society	03_Services	2018
15 Broad purpose of research by sub-sector	03_Society	03_Services	2019
15 Broad purpose of research by sub-sector	03_Society	05_Total business sector	2012
15 Broad purpose of research by sub-sector	03_Society	05_Total business sector	2014
15 Broad purpose of research by sub-sector	03_Society	05_Total business sector	2016
15 Broad purpose of research by sub-sector	03_Society	05_Total business sector	2018
15 Broad purpose of research by sub-sector	03_Society	05_Total business sector	2019
15 Broad purpose of research by sub-sector	04_Other purposes	01_Primary	2012
15 Broad purpose of research by sub-sector	04_Other purposes	01_Primary	2014
15 Broad purpose of research by sub-sector	04_Other purposes	01_Primary	2016
15 Broad purpose of research by sub-sector	04_Other purposes	01_Primary	2018
15 Broad purpose of research by sub-sector	04_Other purposes	01_Primary	2019
15 Broad purpose of research by sub-sector	04_Other purposes	02_Manufacturing	2012
15 Broad purpose of research by sub-sector	04_Other purposes	02_Manufacturing	2014
15 Broad purpose of research by sub-sector	04_Other purposes	02_Manufacturing	2016
15 Broad purpose of research by sub-sector	04_Other purposes	02_Manufacturing	2018
15 Broad purpose of research by sub-sector	04_Other purposes	02_Manufacturing	2019
15 Broad purpose of research by sub-sector	04_Other purposes	03_Services	2012
15 Broad purpose of research by sub-sector	04_Other purposes	03_Services	2014
15 Broad purpose of research by sub-sector	04_Other purposes	03_Services	2016
15 Broad purpose of research by sub-sector	04_Other purposes	03_Services	2018
15 Broad purpose of research by sub-sector	04_Other purposes	03_Services	2019
15 Broad purpose of research by sub-sector	04_Other purposes	05_Total business sector	2012
15 Broad purpose of research by sub-sector	04_Other purposes	05_Total business sector	2014
15 Broad purpose of research by sub-sector	04_Other purposes	05_Total business sector	2016
15 Broad purpose of research by sub-sector	04_Other purposes	05_Total business sector	2018
15 Broad purpose of research by sub-sector	04_Other purposes	05_Total business sector	2019
15 Broad purpose of research by sub-sector	16_Total Business Sector	01_Primary	2012
15 Broad purpose of research by sub-sector	16_Total Business Sector	01_Primary	2014
15 Broad purpose of research by sub-sector	16_Total Business Sector	01_Primary	2016
15 Broad purpose of research by sub-sector	16_Total Business Sector	01_Primary	2018
15 Broad purpose of research by sub-sector	16_Total Business Sector	01_Primary	2019
15 Broad purpose of research by sub-sector	16_Total Business Sector	02_Manufacturing	2012
15 Broad purpose of research by sub-sector	16_Total Business Sector	02_Manufacturing	2014
15 Broad purpose of research by sub-sector	16_Total Business Sector	02_Manufacturing	2016
15 Broad purpose of research by sub-sector	16_Total Business Sector	02_Manufacturing	2018
15 Broad purpose of research by sub-sector	16_Total Business Sector	02_Manufacturing	2019
15 Broad purpose of research by sub-sector	16_Total Business Sector	03_Services	2012
15 Broad purpose of research by sub-sector	16_Total Business Sector	03_Services	2014
15 Broad purpose of research by sub-sector	16_Total Business Sector	03_Services	2016
15 Broad purpose of research by sub-sector	16_Total Business Sector	03_Services	2018
15 Broad purpose of research by sub-sector	16_Total Business Sector	03_Services	2019
15 Broad purpose of research by sub-sector	16_Total Business Sector	05_Total business sector	2012
15 Broad purpose of research by sub-sector	16_Total Business Sector	05_Total business sector	2014
15 Broad purpose of research by sub-sector	16_Total Business Sector	05_Total business sector	2016
15 Broad purpose of research by sub-sector	16_Total Business Sector	05_Total business sector	2018
15 Broad purpose of research by sub-sector	16_Total Business Sector	05_Total business sector	2019
